<?xml version="1.0" ?>
<manifest identifier="ilhdkrIaYPcplNbaUHNbLg_dwSgWAD3B5J00XsrT" version="1"
  xmlns="http://www.imsproject.org/xsd/imscp_rootv1p1p2"
  xmlns:adlcp="http://www.adlnet.org/xsd/adlcp_rootv1p2"
  xmlns:xsi="http://www.w3.org/2001/XMLSchema-instance"
  xsi:schemaLocation="http://www.imsproject.org/xsd/imscp_rootv1p1p2 imscp_rootv1p1p2.xsd
                      http://www.adlnet.org/xsd/adlcp_rootv1p2 adlcp_rootv1p2.xsd">
  <metadata>
    <schema>ADL SCORM</schema>
    <schemaversion>1.2</schemaversion>
    <adlcp:location>metadata.xml</adlcp:location>
  </metadata>
  <organizations default="articulate_rise">
      <organization identifier="articulate_rise">
      <title>Effective meeting management of introverts</title>
      <item identifier="i1" identifierref="r1" isvisible="true">
        <title>Effective meeting management of introverts</title>
        <adlcp:datafromlms>eyJjcHYiOiI1SjAwWHNyVCIsInJsZCI6ZmFsc2V9</adlcp:datafromlms>
      </item>
    </organization>
  </organizations>
  <resources>
    <resource identifier="r1" type="webcontent" adlcp:scormtype="sco" href="scormdriver/indexAPI.html">
      <!-- SCORMDRIVER STUFF -->
      <file href="scormdriver/indexAPI.html" />
      <file href="scormdriver/preloadIntegrity.js" />
      <file href="scormdriver/driverOptions.js" />
      <file href="scormdriver/AICCComm.html" />
      <file href="scormdriver/auto-scripts/AutoBookmark.js" />
      <file href="scormdriver/auto-scripts/AutoCompleteSCO.js" />
      <file href="scormdriver/auto-scripts/CourseExit.js" />
      <file href="scormdriver/blank.html" />
      <file href="scormdriver/goodbye.html" />
      <file href="scormdriver/scormdriver.js" />
      <file href="scormdriver/browsersniff.js" />

      <!-- RUNTIME COMMON STUFF -->
      <file href="scormcontent/index.html" />

      
        <file href="scormcontent/lib/fonts/icomoon.ttf"/>
        <file href="scormcontent/lib/fonts/icomoon.woff"/>

        <file href="scormcontent/lib/icomoon.css"/>
        <file href="scormcontent/lib/player-0.0.11.min.js"/>
        <file href="scormcontent/lib/lzwcompress.js"/>
      

      <!-- FRONTEND BUNDLE ASSETS -->
      <file href="scormcontent/lib/rise/a8912c47.js" />
<file href="scormcontent/lib/rise/6e0d8631.css" />
<file href="scormcontent/lib/rise/fe7b716a.js" />
<file href="scormcontent/lib/rise/dfc21ba5.css" />
<file href="scormcontent/lib/rise/7bca7c15.js" />
<file href="scormcontent/lib/rise/92e0d0dc.js" />
<file href="scormcontent/lib/rise/2c5680f5.js" />
<file href="scormcontent/lib/mondrian/entry.js" />
<file href="scormcontent/lib/mondrian/60f22e8d.js" />
<file href="scormcontent/lib/mondrian/2a243580.js" />
<file href="scormcontent/lib/mondrian/215fe725.js" />
<file href="scormcontent/lib/mondrian/c16e7dd3.js" />
<file href="scormcontent/lib/mondrian/5ebb90af.js" />
<file href="scormcontent/lib/mondrian/825dd797.js" />
<file href="scormcontent/lib/mondrian/beccd965.js" />
<file href="scormcontent/lib/mondrian/56ae9b9c.js" />


      <!-- RUNTIME CONTENT STUFF -->
      <file href="scormcontent/assets/FgRiCA4dI7HBMJJo/player-interface.js" />
<file href="scormcontent/assets/cblSZBv1xKPij5a-/player-interface.js" />
<file href="scormcontent/assets/jXGOTC27LJwKccPM/player-interface.js" />
<file href="scormcontent/assets/N31d34pvYLYnZ2dv/player-interface.js" />
<file href="scormcontent/assets/FgRiCA4dI7HBMJJo/analytics-frame.html" />
<file href="scormcontent/assets/FgRiCA4dI7HBMJJo/html5/data/css/output.min.css" />
<file href="scormcontent/assets/FgRiCA4dI7HBMJJo/html5/data/js/6HUXKsyKOJL.js" />
<file href="scormcontent/assets/FgRiCA4dI7HBMJJo/html5/data/js/data.js" />
<file href="scormcontent/assets/FgRiCA4dI7HBMJJo/html5/data/js/frame.js" />
<file href="scormcontent/assets/FgRiCA4dI7HBMJJo/html5/data/js/paths.js" />
<file href="scormcontent/assets/FgRiCA4dI7HBMJJo/html5/lib/hls/hls.min.js" />
<file href="scormcontent/assets/FgRiCA4dI7HBMJJo/html5/lib/scripts/bootstrapper.min.js" />
<file href="scormcontent/assets/FgRiCA4dI7HBMJJo/html5/lib/scripts/frame.desktop.min.js" />
<file href="scormcontent/assets/FgRiCA4dI7HBMJJo/html5/lib/scripts/frame.mobile.min.js" />
<file href="scormcontent/assets/FgRiCA4dI7HBMJJo/html5/lib/scripts/slides.min.js" />
<file href="scormcontent/assets/FgRiCA4dI7HBMJJo/html5/lib/stylesheets/desktop.min.css" />
<file href="scormcontent/assets/FgRiCA4dI7HBMJJo/html5/lib/stylesheets/mobile-fonts/open-sans-bold.woff" />
<file href="scormcontent/assets/FgRiCA4dI7HBMJJo/html5/lib/stylesheets/mobile-fonts/open-sans-light.woff" />
<file href="scormcontent/assets/FgRiCA4dI7HBMJJo/html5/lib/stylesheets/mobile-fonts/open-sans-regular.woff" />
<file href="scormcontent/assets/FgRiCA4dI7HBMJJo/html5/lib/stylesheets/mobile.min.css" />
<file href="scormcontent/assets/FgRiCA4dI7HBMJJo/meta.xml" />
<file href="scormcontent/assets/FgRiCA4dI7HBMJJo/mobile/69PZffiSlO0.png" />
<file href="scormcontent/assets/FgRiCA4dI7HBMJJo/story.html" />
<file href="scormcontent/assets/FgRiCA4dI7HBMJJo/story_content/thumbnail.jpg" />
<file href="scormcontent/assets/FgRiCA4dI7HBMJJo/story_content/user.js" />
<file href="scormcontent/assets/FgRiCA4dI7HBMJJo/threeSixty.json" />
<file href="scormcontent/assets/cblSZBv1xKPij5a-/analytics-frame.html" />
<file href="scormcontent/assets/cblSZBv1xKPij5a-/html5/data/css/output.min.css" />
<file href="scormcontent/assets/cblSZBv1xKPij5a-/html5/data/js/6HUXKsyKOJL.js" />
<file href="scormcontent/assets/cblSZBv1xKPij5a-/html5/data/js/data.js" />
<file href="scormcontent/assets/cblSZBv1xKPij5a-/html5/data/js/frame.js" />
<file href="scormcontent/assets/cblSZBv1xKPij5a-/html5/data/js/paths.js" />
<file href="scormcontent/assets/cblSZBv1xKPij5a-/html5/lib/hls/hls.min.js" />
<file href="scormcontent/assets/cblSZBv1xKPij5a-/html5/lib/scripts/bootstrapper.min.js" />
<file href="scormcontent/assets/cblSZBv1xKPij5a-/html5/lib/scripts/frame.desktop.min.js" />
<file href="scormcontent/assets/cblSZBv1xKPij5a-/html5/lib/scripts/frame.mobile.min.js" />
<file href="scormcontent/assets/cblSZBv1xKPij5a-/html5/lib/scripts/slides.min.js" />
<file href="scormcontent/assets/cblSZBv1xKPij5a-/html5/lib/stylesheets/desktop.min.css" />
<file href="scormcontent/assets/cblSZBv1xKPij5a-/html5/lib/stylesheets/mobile-fonts/open-sans-bold.woff" />
<file href="scormcontent/assets/cblSZBv1xKPij5a-/html5/lib/stylesheets/mobile-fonts/open-sans-light.woff" />
<file href="scormcontent/assets/cblSZBv1xKPij5a-/html5/lib/stylesheets/mobile-fonts/open-sans-regular.woff" />
<file href="scormcontent/assets/cblSZBv1xKPij5a-/html5/lib/stylesheets/mobile.min.css" />
<file href="scormcontent/assets/cblSZBv1xKPij5a-/meta.xml" />
<file href="scormcontent/assets/cblSZBv1xKPij5a-/mobile/69PZffiSlO0.png" />
<file href="scormcontent/assets/cblSZBv1xKPij5a-/story.html" />
<file href="scormcontent/assets/cblSZBv1xKPij5a-/story_content/thumbnail.jpg" />
<file href="scormcontent/assets/cblSZBv1xKPij5a-/story_content/user.js" />
<file href="scormcontent/assets/cblSZBv1xKPij5a-/threeSixty.json" />
<file href="scormcontent/assets/jXGOTC27LJwKccPM/analytics-frame.html" />
<file href="scormcontent/assets/jXGOTC27LJwKccPM/html5/data/css/output.min.css" />
<file href="scormcontent/assets/jXGOTC27LJwKccPM/html5/data/js/5WypdR2He4j.js" />
<file href="scormcontent/assets/jXGOTC27LJwKccPM/html5/data/js/data.js" />
<file href="scormcontent/assets/jXGOTC27LJwKccPM/html5/data/js/frame.js" />
<file href="scormcontent/assets/jXGOTC27LJwKccPM/html5/data/js/paths.js" />
<file href="scormcontent/assets/jXGOTC27LJwKccPM/html5/lib/hls/hls.min.js" />
<file href="scormcontent/assets/jXGOTC27LJwKccPM/html5/lib/scripts/bootstrapper.min.js" />
<file href="scormcontent/assets/jXGOTC27LJwKccPM/html5/lib/scripts/frame.desktop.min.js" />
<file href="scormcontent/assets/jXGOTC27LJwKccPM/html5/lib/scripts/frame.mobile.min.js" />
<file href="scormcontent/assets/jXGOTC27LJwKccPM/html5/lib/scripts/slides.min.js" />
<file href="scormcontent/assets/jXGOTC27LJwKccPM/html5/lib/stylesheets/desktop.min.css" />
<file href="scormcontent/assets/jXGOTC27LJwKccPM/html5/lib/stylesheets/mobile-fonts/open-sans-bold.woff" />
<file href="scormcontent/assets/jXGOTC27LJwKccPM/html5/lib/stylesheets/mobile-fonts/open-sans-light.woff" />
<file href="scormcontent/assets/jXGOTC27LJwKccPM/html5/lib/stylesheets/mobile-fonts/open-sans-regular.woff" />
<file href="scormcontent/assets/jXGOTC27LJwKccPM/html5/lib/stylesheets/mobile.min.css" />
<file href="scormcontent/assets/jXGOTC27LJwKccPM/meta.xml" />
<file href="scormcontent/assets/jXGOTC27LJwKccPM/mobile/69PZffiSlO0.png" />
<file href="scormcontent/assets/jXGOTC27LJwKccPM/story.html" />
<file href="scormcontent/assets/jXGOTC27LJwKccPM/story_content/5ukFLT5fZU2.js" />
<file href="scormcontent/assets/jXGOTC27LJwKccPM/story_content/6rpesm9VDSQ.js" />
<file href="scormcontent/assets/jXGOTC27LJwKccPM/story_content/thumbnail.jpg" />
<file href="scormcontent/assets/jXGOTC27LJwKccPM/story_content/user.js" />
<file href="scormcontent/assets/jXGOTC27LJwKccPM/threeSixty.json" />
<file href="scormcontent/assets/N31d34pvYLYnZ2dv/analytics-frame.html" />
<file href="scormcontent/assets/N31d34pvYLYnZ2dv/html5/data/css/output.min.css" />
<file href="scormcontent/assets/N31d34pvYLYnZ2dv/html5/data/js/5h80RKRtNdd.js" />
<file href="scormcontent/assets/N31d34pvYLYnZ2dv/html5/data/js/data.js" />
<file href="scormcontent/assets/N31d34pvYLYnZ2dv/html5/data/js/frame.js" />
<file href="scormcontent/assets/N31d34pvYLYnZ2dv/html5/data/js/paths.js" />
<file href="scormcontent/assets/N31d34pvYLYnZ2dv/html5/lib/hls/hls.min.js" />
<file href="scormcontent/assets/N31d34pvYLYnZ2dv/html5/lib/scripts/bootstrapper.min.js" />
<file href="scormcontent/assets/N31d34pvYLYnZ2dv/html5/lib/scripts/frame.desktop.min.js" />
<file href="scormcontent/assets/N31d34pvYLYnZ2dv/html5/lib/scripts/frame.mobile.min.js" />
<file href="scormcontent/assets/N31d34pvYLYnZ2dv/html5/lib/scripts/slides.min.js" />
<file href="scormcontent/assets/N31d34pvYLYnZ2dv/html5/lib/stylesheets/desktop.min.css" />
<file href="scormcontent/assets/N31d34pvYLYnZ2dv/html5/lib/stylesheets/mobile-fonts/open-sans-bold.woff" />
<file href="scormcontent/assets/N31d34pvYLYnZ2dv/html5/lib/stylesheets/mobile-fonts/open-sans-light.woff" />
<file href="scormcontent/assets/N31d34pvYLYnZ2dv/html5/lib/stylesheets/mobile-fonts/open-sans-regular.woff" />
<file href="scormcontent/assets/N31d34pvYLYnZ2dv/html5/lib/stylesheets/mobile.min.css" />
<file href="scormcontent/assets/N31d34pvYLYnZ2dv/meta.xml" />
<file href="scormcontent/assets/N31d34pvYLYnZ2dv/mobile/69PZffiSlO0.png" />
<file href="scormcontent/assets/N31d34pvYLYnZ2dv/mobile/txt__default_5bvJVkJmJjb.png" />
<file href="scormcontent/assets/N31d34pvYLYnZ2dv/mobile/txt__default_5wpd4ARRQuB.png" />
<file href="scormcontent/assets/N31d34pvYLYnZ2dv/mobile/txt__default_6BL4ev8F03O.png" />
<file href="scormcontent/assets/N31d34pvYLYnZ2dv/mobile/txt__default_6e9UForwcoS.png" />
<file href="scormcontent/assets/N31d34pvYLYnZ2dv/story.html" />
<file href="scormcontent/assets/N31d34pvYLYnZ2dv/story_content/thumbnail.jpg" />
<file href="scormcontent/assets/N31d34pvYLYnZ2dv/story_content/user.js" />
<file href="scormcontent/assets/N31d34pvYLYnZ2dv/threeSixty.json" />
<file href="scormcontent/lib/fonts/Montserrat-SemiBold.woff" />
<file href="scormcontent/lib/fonts/Montserrat-Medium.woff" />
<file href="scormcontent/lib/fonts/Montserrat-Black.woff" />
<file href="scormcontent/lib/fonts/Montserrat-Bold.woff" />
<file href="scormcontent/lib/fonts/Montserrat-Italic.woff" />
<file href="scormcontent/lib/fonts/Montserrat-Regular.woff" />
<file href="scormcontent/lib/fonts/Montserrat-Light.woff" />
<file href="scormcontent/assets/small.png" />
<file href="scormcontent/assets/YzpeDtC6ByO4QHna.jpg" />
<file href="scormcontent/assets/X--XmvRLR-BOm-OmiO.svg" />
<file href="scormcontent/assets/background222.svg" />
<file href="scormcontent/assets/Frame-121%20%2819%29.gif" />
<file href="scormcontent/assets/Frame-121%20%2821%29.gif" />
<file href="scormcontent/assets/Frame-121%20%2822%29.gif" />
<file href="scormcontent/assets/Frame-121%20%2823%29.gif" />
<file href="scormcontent/assets/Frame-121%20%2824%29.gif" />
<file href="scormcontent/assets/we_tend.svg" />
<file href="scormcontent/assets/but_what.svg" />
<file href="scormcontent/assets/quiz_backg.svg" />
<file href="scormcontent/assets/story.html" />
<file href="scormcontent/assets/Steve.mp4" />
<file href="scormcontent/assets/Steve.jpg" />
<file href="scormcontent/assets/vt-j84/background222.svg" />
<file href="scormcontent/assets/Rectangle%2039.svg" />
<file href="scormcontent/assets/stimulated99.svg" />
<file href="scormcontent/assets/_0AO0A/background222.svg" />
<file href="scormcontent/assets/comparison.svg" />
<file href="scormcontent/assets/aeIn7K/background222.svg" />
<file href="scormcontent/assets/z4lTzW/Rectangle%2039.svg" />
<file href="scormcontent/assets/surprising2.svg" />
<file href="scormcontent/assets/woman.jpg" />
<file href="scormcontent/assets/man4.jpg" />
<file href="scormcontent/assets/X-%D0%BD%D0%BE%D0%B2%D0%B8%D0%B91.svg" />
<file href="scormcontent/assets/7bQOOy/background222.svg" />
<file href="scormcontent/assets/OlIA1D/X-%D0%BD%D0%BE%D0%B2%D0%B8%D0%B91.svg" />
<file href="scormcontent/assets/A3cePK/background222.svg" />
<file href="scormcontent/assets/labeled3.svg" />
<file href="scormcontent/assets/back5.svg" />
<file href="scormcontent/assets/urgent1.svg" />
<file href="scormcontent/assets/urgent2.svg" />
<file href="scormcontent/assets/urgent3.svg" />
<file href="scormcontent/assets/urgent4.svg" />
<file href="scormcontent/assets/urgent5.svg" />
<file href="scormcontent/assets/back3.svg" />
<file href="scormcontent/assets/HyfbYy/mountains.jpg" />
<file href="scormcontent/assets/main_quest.jpg" />
<file href="scormcontent/assets/qhbMqG/X-%D0%BD%D0%BE%D0%B2%D0%B8%D0%B91.svg" />
<file href="scormcontent/assets/met1RT/background222.svg" />
<file href="scormcontent/assets/jQfb7A/background222.svg" />
<file href="scormcontent/assets/Frame%20132.svg" />
<file href="scormcontent/assets/Y-X8xE/story.html" />
<file href="scormcontent/assets/einstein.jpg" />
<file href="scormcontent/assets/Barack%20Obama1.jpg" />
<file href="scormcontent/assets/oprah1.jpg" />
<file href="scormcontent/assets/WARREN1.jpg" />
<file href="scormcontent/assets/SXU4sS/X-%D0%BD%D0%BE%D0%B2%D0%B8%D0%B91.svg" />
<file href="scormcontent/assets/eg0ZYp/background222.svg" />
<file href="scormcontent/assets/X-%D0%B1%D0%B5%D0%BA1.svg" />
<file href="scormcontent/assets/photo11111.jpg" />
<file href="scormcontent/assets/identify%20the%20problem.mp3" />
<file href="scormcontent/assets/4__JpJ/story.html" />
<file href="scormcontent/assets/question2%202222.svg" />
<file href="scormcontent/assets/question3%20%283%29.svg" />
<file href="scormcontent/assets/gwVlfw/story.html" />
<file href="scormcontent/assets/question4%20%2844%29.svg" />
<file href="scormcontent/assets/question5.svg" />
<file href="scormcontent/assets/question666.svg" />
<file href="scormcontent/assets/Frame-106%20%285%29.gif" />

      <file href="scormcontent/locales/und.js" />

    </resource>
  </resources>
</manifest>
