{
  "version": "3.75.30269.0",
  "course_id": "5x0E9J5qpl4",
  "title": "answer",
  "thumbnail": "story_content/thumbnail.jpg",
  "scenes": [
    {
      "title": "Untitled Scene"
    },
    {
      "title": "Untitled Scene"
    }
  ],
  "slides": [
    {
      "id": "5lXblEfSR9j",
      "title": "Untitled Slide",
      "scene_index": "1.1"
    },
    {
      "id": "6q05ia0LQbn",
      "title": "Untitled Slide",
      "scene_index": "2.1"
    },
    {
      "id": "6nTkO7VVfH8",
      "title": "Untitled Slide",
      "scene_index": "2.2"
    },
    {
      "id": "6Rb0ALdEjuQ",
      "title": "Untitled Slide",
      "scene_index": "2.3"
    },
    {
      "id": "5h80RKRtNdd",
      "title": "Untitled Slide",
      "scene_index": "2.4"
    },
    {
      "id": "5cUPmC9kmUY",
      "title": "Untitled Slide",
      "scene_index": "2.5"
    },
    {
      "id": "5YqQaXGslEn",
      "title": "Untitled Slide",
      "scene_index": "2.6"
    },
    {
      "id": "5y1vmrwJOcA",
      "title": "Untitled Slide",
      "scene_index": "2.7"
    },
    {
      "id": "6frCLa2A2Ux",
      "title": "Untitled Slide",
      "scene_index": "2.8"
    },
    {
      "id": "6YVoWWA3QA7",
      "title": "Untitled Slide",
      "scene_index": "2.9"
    }
  ],
  "player": {
    "name": "unified",
    "width": 267,
    "height": 306
  },
  "stage": {
    "width": 247,
    "height": 235
  }
}