{
  "version": "3.75.30269.0",
  "course_id": "5jMGJREnSdu_course_id",
  "title": "open-ended",
  "thumbnail": "story_content/thumbnail.jpg",
  "scenes": [
    {
      "title": "Untitled Scene"
    }
  ],
  "slides": [
    {
      "id": "6Kcw3roZz0R",
      "title": "Untitled Slide",
      "scene_index": "1.1"
    },
    {
      "id": "6fDF7IcvYgg",
      "title": "Untitled Slide",
      "scene_index": "1.2"
    },
    {
      "id": "6HUXKsyKOJL",
      "title": "Essay",
      "scene_index": "1.3"
    }
  ],
  "player": {
    "name": "unified",
    "width": 530,
    "height": 266
  },
  "stage": {
    "width": 510,
    "height": 195
  }
}