{
  "version": "3.75.30269.0",
  "course_id": "5x0E9J5qpl4",
  "title": "answer",
  "thumbnail": "story_content/thumbnail.jpg",
  "scenes": [
    {
      "title": "Untitled Scene"
    },
    {
      "title": "Untitled Scene"
    }
  ],
  "slides": [
    {
      "id": "5lXblEfSR9j",
      "title": "Untitled Slide",
      "scene_index": "1.1"
    },
    {
      "id": "6q05ia0LQbn",
      "title": "Untitled Slide",
      "scene_index": "2.1"
    },
    {
      "id": "6nTkO7VVfH8",
      "title": "Untitled Slide",
      "scene_index": "2.2"
    },
    {
      "id": "6Rb0ALdEjuQ",
      "title": "Untitled Slide",
      "scene_index": "2.3"
    },
    {
      "id": "5h80RKRtNdd",
      "title": "Untitled Slide",
      "scene_index": "2.4"
    },
    {
      "id": "5cUPmC9kmUY",
      "title": "Untitled Slide",
      "scene_index": "2.5"
    },
    {
      "id": "6kvp2fUXdPL",
      "title": "Untitled Slide",
      "scene_index": "2.6"
    },
    {
      "id": "5YqQaXGslEn",
      "title": "Untitled Slide",
      "scene_index": "2.7"
    },
    {
      "id": "5y1vmrwJOcA",
      "title": "Untitled Slide",
      "scene_index": "2.8"
    },
    {
      "id": "6frCLa2A2Ux",
      "title": "Untitled Slide",
      "scene_index": "2.9"
    },
    {
      "id": "5clul9f2zbp",
      "title": "Untitled Slide",
      "scene_index": "2.10"
    },
    {
      "id": "5qlwpkVfGne",
      "title": "Short Answer",
      "scene_index": "2.11"
    },
    {
      "id": "6B3pJqWbpt7",
      "title": "Essay",
      "scene_index": "2.12"
    },
    {
      "id": "5g1M1jtlYQ3",
      "title": "Essay",
      "scene_index": "2.13"
    },
    {
      "id": "5WypdR2He4j",
      "title": "Essay",
      "scene_index": "2.14"
    },
    {
      "id": "6YVoWWA3QA7",
      "title": "Untitled Slide",
      "scene_index": "2.15"
    }
  ],
  "player": {
    "name": "unified",
    "width": 705,
    "height": 461
  },
  "stage": {
    "width": 685,
    "height": 390
  }
}